date,date_key,year,quarter,month,month_name,week_index,week_start_date,weekday_name,weekday_num,is_weekend
2026-04-06,20260406,2026,2,4,April,1,2026-04-06,Monday,1,False
2026-04-07,20260407,2026,2,4,April,1,2026-04-06,Tuesday,2,False
2026-04-08,20260408,2026,2,4,April,1,2026-04-06,Wednesday,3,False
2026-04-09,20260409,2026,2,4,April,1,2026-04-06,Thursday,4,False
2026-04-10,20260410,2026,2,4,April,1,2026-04-06,Friday,5,False
2026-04-11,20260411,2026,2,4,April,1,2026-04-06,Saturday,6,True
2026-04-12,20260412,2026,2,4,April,1,2026-04-06,Sunday,7,True
2026-04-13,20260413,2026,2,4,April,2,2026-04-13,Monday,1,False
2026-04-14,20260414,2026,2,4,April,2,2026-04-13,Tuesday,2,False
2026-04-15,20260415,2026,2,4,April,2,2026-04-13,Wednesday,3,False
2026-04-16,20260416,2026,2,4,April,2,2026-04-13,Thursday,4,False
2026-04-17,20260417,2026,2,4,April,2,2026-04-13,Friday,5,False
2026-04-18,20260418,2026,2,4,April,2,2026-04-13,Saturday,6,True
2026-04-19,20260419,2026,2,4,April,2,2026-04-13,Sunday,7,True
2026-04-20,20260420,2026,2,4,April,3,2026-04-20,Monday,1,False
2026-04-21,20260421,2026,2,4,April,3,2026-04-20,Tuesday,2,False
2026-04-22,20260422,2026,2,4,April,3,2026-04-20,Wednesday,3,False
2026-04-23,20260423,2026,2,4,April,3,2026-04-20,Thursday,4,False
2026-04-24,20260424,2026,2,4,April,3,2026-04-20,Friday,5,False
2026-04-25,20260425,2026,2,4,April,3,2026-04-20,Saturday,6,True
2026-04-26,20260426,2026,2,4,April,3,2026-04-20,Sunday,7,True
2026-04-27,20260427,2026,2,4,April,4,2026-04-27,Monday,1,False
2026-04-28,20260428,2026,2,4,April,4,2026-04-27,Tuesday,2,False
2026-04-29,20260429,2026,2,4,April,4,2026-04-27,Wednesday,3,False
2026-04-30,20260430,2026,2,4,April,4,2026-04-27,Thursday,4,False
2026-05-01,20260501,2026,2,5,May,4,2026-04-27,Friday,5,False
2026-05-02,20260502,2026,2,5,May,4,2026-04-27,Saturday,6,True
2026-05-03,20260503,2026,2,5,May,4,2026-04-27,Sunday,7,True
2026-05-04,20260504,2026,2,5,May,5,2026-05-04,Monday,1,False
2026-05-05,20260505,2026,2,5,May,5,2026-05-04,Tuesday,2,False
2026-05-06,20260506,2026,2,5,May,5,2026-05-04,Wednesday,3,False
2026-05-07,20260507,2026,2,5,May,5,2026-05-04,Thursday,4,False
2026-05-08,20260508,2026,2,5,May,5,2026-05-04,Friday,5,False
2026-05-09,20260509,2026,2,5,May,5,2026-05-04,Saturday,6,True
2026-05-10,20260510,2026,2,5,May,5,2026-05-04,Sunday,7,True
2026-05-11,20260511,2026,2,5,May,6,2026-05-11,Monday,1,False
2026-05-12,20260512,2026,2,5,May,6,2026-05-11,Tuesday,2,False
2026-05-13,20260513,2026,2,5,May,6,2026-05-11,Wednesday,3,False
2026-05-14,20260514,2026,2,5,May,6,2026-05-11,Thursday,4,False
2026-05-15,20260515,2026,2,5,May,6,2026-05-11,Friday,5,False
2026-05-16,20260516,2026,2,5,May,6,2026-05-11,Saturday,6,True
2026-05-17,20260517,2026,2,5,May,6,2026-05-11,Sunday,7,True
2026-05-18,20260518,2026,2,5,May,7,2026-05-18,Monday,1,False
2026-05-19,20260519,2026,2,5,May,7,2026-05-18,Tuesday,2,False
2026-05-20,20260520,2026,2,5,May,7,2026-05-18,Wednesday,3,False
2026-05-21,20260521,2026,2,5,May,7,2026-05-18,Thursday,4,False
2026-05-22,20260522,2026,2,5,May,7,2026-05-18,Friday,5,False
2026-05-23,20260523,2026,2,5,May,7,2026-05-18,Saturday,6,True
2026-05-24,20260524,2026,2,5,May,7,2026-05-18,Sunday,7,True
2026-05-25,20260525,2026,2,5,May,8,2026-05-25,Monday,1,False
2026-05-26,20260526,2026,2,5,May,8,2026-05-25,Tuesday,2,False
2026-05-27,20260527,2026,2,5,May,8,2026-05-25,Wednesday,3,False
2026-05-28,20260528,2026,2,5,May,8,2026-05-25,Thursday,4,False
2026-05-29,20260529,2026,2,5,May,8,2026-05-25,Friday,5,False
2026-05-30,20260530,2026,2,5,May,8,2026-05-25,Saturday,6,True
2026-05-31,20260531,2026,2,5,May,8,2026-05-25,Sunday,7,True
2026-06-01,20260601,2026,2,6,June,9,2026-06-01,Monday,1,False
2026-06-02,20260602,2026,2,6,June,9,2026-06-01,Tuesday,2,False
2026-06-03,20260603,2026,2,6,June,9,2026-06-01,Wednesday,3,False
2026-06-04,20260604,2026,2,6,June,9,2026-06-01,Thursday,4,False
2026-06-05,20260605,2026,2,6,June,9,2026-06-01,Friday,5,False
2026-06-06,20260606,2026,2,6,June,9,2026-06-01,Saturday,6,True
2026-06-07,20260607,2026,2,6,June,9,2026-06-01,Sunday,7,True
2026-06-08,20260608,2026,2,6,June,10,2026-06-08,Monday,1,False
2026-06-09,20260609,2026,2,6,June,10,2026-06-08,Tuesday,2,False
2026-06-10,20260610,2026,2,6,June,10,2026-06-08,Wednesday,3,False
2026-06-11,20260611,2026,2,6,June,10,2026-06-08,Thursday,4,False
2026-06-12,20260612,2026,2,6,June,10,2026-06-08,Friday,5,False
2026-06-13,20260613,2026,2,6,June,10,2026-06-08,Saturday,6,True
2026-06-14,20260614,2026,2,6,June,10,2026-06-08,Sunday,7,True
2026-06-15,20260615,2026,2,6,June,11,2026-06-15,Monday,1,False
2026-06-16,20260616,2026,2,6,June,11,2026-06-15,Tuesday,2,False
2026-06-17,20260617,2026,2,6,June,11,2026-06-15,Wednesday,3,False
2026-06-18,20260618,2026,2,6,June,11,2026-06-15,Thursday,4,False
2026-06-19,20260619,2026,2,6,June,11,2026-06-15,Friday,5,False
2026-06-20,20260620,2026,2,6,June,11,2026-06-15,Saturday,6,True
2026-06-21,20260621,2026,2,6,June,11,2026-06-15,Sunday,7,True
2026-06-22,20260622,2026,2,6,June,12,2026-06-22,Monday,1,False
2026-06-23,20260623,2026,2,6,June,12,2026-06-22,Tuesday,2,False
2026-06-24,20260624,2026,2,6,June,12,2026-06-22,Wednesday,3,False
2026-06-25,20260625,2026,2,6,June,12,2026-06-22,Thursday,4,False
2026-06-26,20260626,2026,2,6,June,12,2026-06-22,Friday,5,False
2026-06-27,20260627,2026,2,6,June,12,2026-06-22,Saturday,6,True
2026-06-28,20260628,2026,2,6,June,12,2026-06-22,Sunday,7,True
2026-06-29,20260629,2026,2,6,June,13,2026-06-29,Monday,1,False
2026-06-30,20260630,2026,2,6,June,13,2026-06-29,Tuesday,2,False
2026-07-01,20260701,2026,3,7,July,13,2026-06-29,Wednesday,3,False
2026-07-02,20260702,2026,3,7,July,13,2026-06-29,Thursday,4,False
2026-07-03,20260703,2026,3,7,July,13,2026-06-29,Friday,5,False
2026-07-04,20260704,2026,3,7,July,13,2026-06-29,Saturday,6,True
2026-07-05,20260705,2026,3,7,July,13,2026-06-29,Sunday,7,True
2026-07-06,20260706,2026,3,7,July,14,2026-07-06,Monday,1,False
2026-07-07,20260707,2026,3,7,July,14,2026-07-06,Tuesday,2,False
2026-07-08,20260708,2026,3,7,July,14,2026-07-06,Wednesday,3,False
2026-07-09,20260709,2026,3,7,July,14,2026-07-06,Thursday,4,False
2026-07-10,20260710,2026,3,7,July,14,2026-07-06,Friday,5,False
2026-07-11,20260711,2026,3,7,July,14,2026-07-06,Saturday,6,True
2026-07-12,20260712,2026,3,7,July,14,2026-07-06,Sunday,7,True
2026-07-13,20260713,2026,3,7,July,15,2026-07-13,Monday,1,False
2026-07-14,20260714,2026,3,7,July,15,2026-07-13,Tuesday,2,False
2026-07-15,20260715,2026,3,7,July,15,2026-07-13,Wednesday,3,False
2026-07-16,20260716,2026,3,7,July,15,2026-07-13,Thursday,4,False
2026-07-17,20260717,2026,3,7,July,15,2026-07-13,Friday,5,False
2026-07-18,20260718,2026,3,7,July,15,2026-07-13,Saturday,6,True
2026-07-19,20260719,2026,3,7,July,15,2026-07-13,Sunday,7,True
2026-07-20,20260720,2026,3,7,July,16,2026-07-20,Monday,1,False
2026-07-21,20260721,2026,3,7,July,16,2026-07-20,Tuesday,2,False
2026-07-22,20260722,2026,3,7,July,16,2026-07-20,Wednesday,3,False
2026-07-23,20260723,2026,3,7,July,16,2026-07-20,Thursday,4,False
2026-07-24,20260724,2026,3,7,July,16,2026-07-20,Friday,5,False
2026-07-25,20260725,2026,3,7,July,16,2026-07-20,Saturday,6,True
2026-07-26,20260726,2026,3,7,July,16,2026-07-20,Sunday,7,True
2026-07-27,20260727,2026,3,7,July,17,2026-07-27,Monday,1,False
2026-07-28,20260728,2026,3,7,July,17,2026-07-27,Tuesday,2,False
2026-07-29,20260729,2026,3,7,July,17,2026-07-27,Wednesday,3,False
2026-07-30,20260730,2026,3,7,July,17,2026-07-27,Thursday,4,False
2026-07-31,20260731,2026,3,7,July,17,2026-07-27,Friday,5,False
2026-08-01,20260801,2026,3,8,August,17,2026-07-27,Saturday,6,True
2026-08-02,20260802,2026,3,8,August,17,2026-07-27,Sunday,7,True
2026-08-03,20260803,2026,3,8,August,18,2026-08-03,Monday,1,False
2026-08-04,20260804,2026,3,8,August,18,2026-08-03,Tuesday,2,False
2026-08-05,20260805,2026,3,8,August,18,2026-08-03,Wednesday,3,False
2026-08-06,20260806,2026,3,8,August,18,2026-08-03,Thursday,4,False
2026-08-07,20260807,2026,3,8,August,18,2026-08-03,Friday,5,False
2026-08-08,20260808,2026,3,8,August,18,2026-08-03,Saturday,6,True
2026-08-09,20260809,2026,3,8,August,18,2026-08-03,Sunday,7,True
2026-08-10,20260810,2026,3,8,August,19,2026-08-10,Monday,1,False
2026-08-11,20260811,2026,3,8,August,19,2026-08-10,Tuesday,2,False
2026-08-12,20260812,2026,3,8,August,19,2026-08-10,Wednesday,3,False
2026-08-13,20260813,2026,3,8,August,19,2026-08-10,Thursday,4,False
2026-08-14,20260814,2026,3,8,August,19,2026-08-10,Friday,5,False
2026-08-15,20260815,2026,3,8,August,19,2026-08-10,Saturday,6,True
2026-08-16,20260816,2026,3,8,August,19,2026-08-10,Sunday,7,True
2026-08-17,20260817,2026,3,8,August,20,2026-08-17,Monday,1,False
2026-08-18,20260818,2026,3,8,August,20,2026-08-17,Tuesday,2,False
2026-08-19,20260819,2026,3,8,August,20,2026-08-17,Wednesday,3,False
2026-08-20,20260820,2026,3,8,August,20,2026-08-17,Thursday,4,False
2026-08-21,20260821,2026,3,8,August,20,2026-08-17,Friday,5,False
2026-08-22,20260822,2026,3,8,August,20,2026-08-17,Saturday,6,True
2026-08-23,20260823,2026,3,8,August,20,2026-08-17,Sunday,7,True
2026-08-24,20260824,2026,3,8,August,21,2026-08-24,Monday,1,False
2026-08-25,20260825,2026,3,8,August,21,2026-08-24,Tuesday,2,False
2026-08-26,20260826,2026,3,8,August,21,2026-08-24,Wednesday,3,False
2026-08-27,20260827,2026,3,8,August,21,2026-08-24,Thursday,4,False
2026-08-28,20260828,2026,3,8,August,21,2026-08-24,Friday,5,False
2026-08-29,20260829,2026,3,8,August,21,2026-08-24,Saturday,6,True
2026-08-30,20260830,2026,3,8,August,21,2026-08-24,Sunday,7,True
2026-08-31,20260831,2026,3,8,August,22,2026-08-31,Monday,1,False
2026-09-01,20260901,2026,3,9,September,22,2026-08-31,Tuesday,2,False
2026-09-02,20260902,2026,3,9,September,22,2026-08-31,Wednesday,3,False
2026-09-03,20260903,2026,3,9,September,22,2026-08-31,Thursday,4,False
2026-09-04,20260904,2026,3,9,September,22,2026-08-31,Friday,5,False
2026-09-05,20260905,2026,3,9,September,22,2026-08-31,Saturday,6,True
2026-09-06,20260906,2026,3,9,September,22,2026-08-31,Sunday,7,True
2026-09-07,20260907,2026,3,9,September,23,2026-09-07,Monday,1,False
2026-09-08,20260908,2026,3,9,September,23,2026-09-07,Tuesday,2,False
2026-09-09,20260909,2026,3,9,September,23,2026-09-07,Wednesday,3,False
2026-09-10,20260910,2026,3,9,September,23,2026-09-07,Thursday,4,False
2026-09-11,20260911,2026,3,9,September,23,2026-09-07,Friday,5,False
2026-09-12,20260912,2026,3,9,September,23,2026-09-07,Saturday,6,True
2026-09-13,20260913,2026,3,9,September,23,2026-09-07,Sunday,7,True
2026-09-14,20260914,2026,3,9,September,24,2026-09-14,Monday,1,False
2026-09-15,20260915,2026,3,9,September,24,2026-09-14,Tuesday,2,False
2026-09-16,20260916,2026,3,9,September,24,2026-09-14,Wednesday,3,False
2026-09-17,20260917,2026,3,9,September,24,2026-09-14,Thursday,4,False
2026-09-18,20260918,2026,3,9,September,24,2026-09-14,Friday,5,False
2026-09-19,20260919,2026,3,9,September,24,2026-09-14,Saturday,6,True
2026-09-20,20260920,2026,3,9,September,24,2026-09-14,Sunday,7,True
2026-09-21,20260921,2026,3,9,September,25,2026-09-21,Monday,1,False
2026-09-22,20260922,2026,3,9,September,25,2026-09-21,Tuesday,2,False
2026-09-23,20260923,2026,3,9,September,25,2026-09-21,Wednesday,3,False
2026-09-24,20260924,2026,3,9,September,25,2026-09-21,Thursday,4,False
2026-09-25,20260925,2026,3,9,September,25,2026-09-21,Friday,5,False
2026-09-26,20260926,2026,3,9,September,25,2026-09-21,Saturday,6,True
2026-09-27,20260927,2026,3,9,September,25,2026-09-21,Sunday,7,True
2026-09-28,20260928,2026,3,9,September,26,2026-09-28,Monday,1,False
2026-09-29,20260929,2026,3,9,September,26,2026-09-28,Tuesday,2,False
2026-09-30,20260930,2026,3,9,September,26,2026-09-28,Wednesday,3,False
2026-10-01,20261001,2026,4,10,October,26,2026-09-28,Thursday,4,False
2026-10-02,20261002,2026,4,10,October,26,2026-09-28,Friday,5,False
2026-10-03,20261003,2026,4,10,October,26,2026-09-28,Saturday,6,True
2026-10-04,20261004,2026,4,10,October,26,2026-09-28,Sunday,7,True
