week_index,contacts,sla_pct,asa_sec_sync,frt_hours_async,aht_sec,open_backlog,csat,ces,nps,fcr_pct
1,571,0.72,49.712,4.024,327.16,0,4.514,5.514,51.429,0.66
2,730,0.687,55.644,3.996,329.557,0,4.321,5.284,28.358,0.647
3,730,0.727,55.063,4.307,326.39,0,4.246,5.154,28.462,0.655
4,713,0.727,51.291,3.941,339.163,0,4.235,5.154,36.029,0.602
5,752,0.731,56.22,3.887,337.28,0,4.152,5.088,24.8,0.654
6,752,0.753,48.863,3.988,334.99,0,4.228,5.207,35.172,0.63
7,808,0.746,51.957,3.641,342.565,0,4.142,4.986,23.649,0.622
8,821,0.733,50.254,3.942,327.408,0,4.248,5.186,33.793,0.64
9,820,0.722,52.793,3.803,325.724,0,4.218,5.063,32.394,0.625
10,795,0.763,50.073,3.868,341.863,0,4.206,5.122,33.588,0.6
11,857,0.742,51.823,3.941,339.911,0,4.214,5.095,28.571,0.651
12,858,0.741,52.392,3.678,332.031,0,4.246,5.223,23.464,0.662
13,774,0.736,50.446,3.892,331.224,0,4.279,5.242,33.333,0.656
14,912,0.547,86.261,3.776,334.025,0,3.81,4.679,-2.381,0.578
15,964,0.523,84.118,3.859,335.628,0,3.841,4.641,-0.588,0.592
16,955,0.514,88.649,3.966,336.991,0,3.906,4.757,-0.552,0.61
17,939,0.509,90.121,3.599,336.81,0,3.799,4.557,-6.322,0.623
18,1154,0.526,84.286,3.708,343.416,0,3.762,4.598,-8.466,0.573
19,1127,0.512,86.844,3.822,342.32,0,3.968,4.76,2.304,0.621
20,964,0.523,94.142,3.609,334.102,28,3.91,4.681,9.574,0.643
21,993,0.526,86.505,3.702,340.268,28,3.821,4.647,3.804,0.57
22,984,0.52,91.572,4.007,342.52,38,3.669,4.444,-12.921,0.592
23,965,0.37,94.853,6.009,339.791,65,3.687,4.331,-3.012,0.616
24,973,0.383,88.794,6.648,333.713,85,3.724,4.529,-4.706,0.608
25,996,0.372,90.213,6.32,339.491,81,3.789,4.532,-2.632,0.614
26,1255,0.36,89.783,6.781,335.153,106,3.649,4.351,-18.86,0.618
